question,num_contexts,response_chars,contexts_chars,q_response_overlap,q_context_jaccard,response_context_jaccard
Propose moi des evenements a Caen,6,1085,1518,0.3333333333333333,0.021897810218978103,0.26666666666666666
Je cherche des expositions en Normandie,6,861,2219,0.8333333333333334,0.01935483870967742,0.23076923076923078
Y a-t-il des concerts a Rouen ?,1,598,324,1.0,0.02564102564102564,0.04716981132075472
Quels evenements famille ce week-end en Normandie ?,3,704,577,0.75,0.06329113924050633,0.29545454545454547
Je veux des activites culturelles gratuites,6,802,1225,0.6666666666666666,0.007352941176470588,0.12690355329949238
